timestamp_acc,device_acc_x,device_acc_y,device_acc_z,earth_acc_x,earth_acc_y,earth_acc_z
358133515027804, 0.1160519, 5.9653068, 7.911868, 0.023162365, 0.07783747, 9.909059
358133524666762, 0.047856454, 5.9641104, 7.661818, 0.027692556, 0.22135162, 9.707037
358133534305617, 0.049052864, 5.9844494, 7.617551, 0.046737432, 0.25200462, 9.683874
358133543944575, 0.083748795, 5.9437714, 7.617551, 0.063572645, 0.20630193, 9.660017
358133553583533, 0.124426775, 5.9449677, 7.6809607, 0.07011104, 0.15059376, 9.712244
358133563222492, 0.10289137, 5.9066825, 7.756335, 0.009518385, 0.0941205, 9.749424
358133572861450, 0.15433706, 5.889933, 7.7742805, 0.042517424, 0.048709393, 9.754508
358133582500408, 0.19740787, 5.879165, 7.789834, 0.06940389, 0.011109829, 9.761154
358133592139367, 0.21535404, 5.8420763, 7.776674, 0.072948456, -0.017578125, 9.728682
358133601778325, 0.20219351, 5.814559, 7.818548, 0.0373559, -0.05179119, 9.745543
358133611417283, 0.20578274, 5.8540406, 7.895118, 0.032915115, -0.06510162, 9.83055
358133621056137, 0.15194423, 5.8875403, 7.9106717, -0.005342245, -0.021980762, 9.862274
358133630695096, 0.09810573, 5.940182, 7.945368, -0.040700436, 0.025891304, 9.920782
358133640334054, 0.05623133, 5.98086, 7.9680996, -0.067451, 0.0626359, 9.96273
358133649973012, 0.058624156, 5.9653068, 8.029117, -0.089037895, 0.018636703, 10.002338
358133659611971, 0.11365908, 5.9700923, 8.054241, -0.04245782, -0.018145561, 10.026146
358133669250929, 0.1591227, 5.9557357, 8.059027, -0.008902788, -0.052104473, 10.0220375
358133678889887, 0.20219351, 5.936593, 8.049456, 0.02567172, -0.08067417, 10.0035305
358133688528846, 0.22253251, 5.9234324, 8.020741, 0.045780897, -0.08439827, 9.972945
358133698167804, 0.20338993, 5.8875403, 7.9597244, 0.033134222, -0.06921005, 9.902313
358133707806658, 0.16749759, 5.852844, 7.914261, -3.7193298E-4, -0.05460596, 9.844612
358133717445617, 0.1268196, 5.877969, 7.8400836, -0.0053799152, 0.020037651, 9.799646
358133727084575, 0.096909314, 5.889933, 7.816155, -0.02031231, 0.055148125, 9.787212
358133736723533, 0.10887343, 5.936593, 7.8436728, -0.0011091232, 0.06648588, 9.837368
358133746362492, 0.1794617, 5.922236, 7.8783684, 0.045737028, 0.0031843185, 9.857571
358133756001450, 0.19980069, 5.899504, 7.899904, 0.0475626, -0.03626442, 9.86149
358133765640408, 0.1902294, 5.849255, 7.962117, 0.0030999184, -0.10014486, 9.881056
358133775279367, 0.21894327, 5.948557, 7.9190464, 0.07709932, -0.020026684, 9.906473
358133784918325, 0.106480606, 5.9952173, 7.873583, 0.008620977, 0.088903904, 9.896428
358133794557179, 0.05623133, 6.038288, 7.836494, -0.011603594, 0.16020346, 9.891862
358133804196137, 0.008374879, 6.0574307, 7.8053875, -0.0393579, 0.20573425, 9.8778925
358133813835096, 0.0071784677, 6.0119667, 7.9226356, -0.087169886, 0.11106539, 9.9444475
358133823474054, 0.08733802, 5.9413786, 8.015956, -0.06298423, -0.0266819, 9.9779
358133833113012, 0.1698904, 5.9210396, 8.060223, -0.009248257, -0.09975624, 10.002236
358133842751971, 0.18424734, 5.899504, 8.053044, -0.002897501, -0.117890835, 9.983772
358133852390929, 0.21415763, 5.905486, 7.9860454, 0.04437208, -0.09074497, 9.934152
358133862029887, 0.2213361, 5.849255, 8.012366, 0.020752907, -0.14883614, 9.921603
358133871668742, 0.23090738, 5.8624153, 8.0817585, 0.012450933, -0.18102264, 9.9851465
358133881307700, 0.22253251, 5.831309, 8.185846, -0.038250208, -0.25600147, 10.049614
358133890946658, 0.18783657, 5.8360944, 8.212168, -0.074401855, -0.2540965, 10.072979
358133900585617, 0.17347965, 5.922236, 8.128419, -0.031894922, -0.14187145, 10.057486
358133910224575, 0.13040884, 5.9617176, 7.9657063, -0.005009651, -0.030654907, 9.950406
358133919863533, -0.011964113, 6.0107703, 7.719246, -0.0422163, 0.20056152, 9.781321
358133929502492, -0.0634098, 6.0358953, 7.54457, -0.024608374, 0.31703615, 9.656887
358133939141450, 0.034695927, 6.020342, 7.503892, 0.07123566, 0.26315522, 9.616641
358133948780304, 0.14596218, 6.0454664, 7.564909, 0.1648469, 0.17831898, 9.681831
358133958419262, 0.1591227, 6.0323057, 7.6893353, 0.13544154, 0.08469391, 9.773145
358133968058221, 0.18544376, 5.989235, 7.8927255, 0.07993531, -0.07525301, 9.909006
358133977697179, 0.16271193, 5.9413786, 7.8484583, 0.054591417, -0.07468462, 9.844602
358133987336137, 0.10767702, 5.992824, 7.685746, 0.07493687, 0.0715332, 9.74605
358133996975096, 0.041874398, 6.0801625, 7.476374, 0.10163355, 0.26290894, 9.632593
358134006614054, 0.021535404, 6.1184473, 7.487142, 0.094383955, 0.2935605, 9.664268
358134016253012, 0.046660043, 6.1064835, 7.7312098, 0.039830923, 0.13679886, 9.851021
358134025891971, 0.046660043, 6.046663, 8.1020975, -0.08665824, -0.10602617, 10.108885
358134035530825, 0.034695927, 6.01436, 8.316256, -0.16606474, -0.22710562, 10.259372
358134045169783, 0.029910283, 5.9988065, 8.329415, -0.17993045, -0.24280357, 10.260334
358134054808742, 0.019142581, 5.9880385, 8.153543, -0.13574553, -0.15119505, 10.114146
358134064447700, 0.041874398, 6.0023956, 7.9166536, -0.044392586, -0.026390076, 9.934849
358134074086658, 0.040677983, 5.98086, 7.655836, 0.021307707, 0.09269142, 9.714685
358134083725617, 0.104087785, 5.986842, 7.5349984, 0.11273599, 0.12729788, 9.6229105
358134093364575, 0.11006984, 6.0119667, 7.501499, 0.13705802, 0.15993738, 9.61166
358134103003533, 0.09571291, 5.986842, 7.554141, 0.0961473, 0.11249542, 9.638184
358134112642387, 0.12323037, 6.003592, 7.739585, 0.07270503, 0.012940407, 9.795614
358134122281346, 0.16510476, 5.9964137, 7.864012, 0.06968331, -0.0735693, 9.890231
358134131920304, 0.12083755, 6.0167527, 7.9968133, -0.0017089844, -0.107299805, 10.007669
358134141559262, 0.058624156, 6.0311093, 8.021938, -0.057020187, -0.082829, 10.035891
358134151198221, -0.011964113, 6.0622163, 7.9908314, -0.0992074, -0.010439396, 10.02966
358134160837179, -0.07298109, 6.050252, 7.9369926, -0.13770175, 0.036982536, 9.979298
358134170476137, -0.1052842, 6.0394845, 7.9274216, -0.16465354, 0.047846317, 9.9649935
358134180115096, -0.0634098, 6.040681, 7.91785, -0.124311924, 0.034529686, 9.95839
358134189753950, 0.022731815, 6.040681, 7.9094753, -0.04276824, -0.0016698837, 9.952302
358134199392908, 0.12921242, 6.005985, 7.926225, 0.035370827, -0.08557892, 9.945101
358134209031867, 0.14476576, 6.0191455, 7.9716887, 0.03943491, -0.10820866, 9.989276
358134218670825, 0.17467605, 6.0514483, 7.8723865, 0.10529208, -0.046967506, 9.930343
358134228309783, 0.11246266, 6.0526447, 7.7383885, 0.089089155, 0.05430317, 9.824406
358134237948742, 0.111266255, 6.056234, 7.6510506, 0.11327338, 0.096586704, 9.757396
358134247587700, 0.06580263, 6.0514483, 7.690532, 0.059016705, 0.09273577, 9.785528
358134257226658, 0.0011964113, 6.005985, 7.7647095, -0.03687501, 0.052670956, 9.816234
358134266865617, -0.02871387, 5.9617176, 7.938189, -0.12948585, -0.053379536, 9.926639
358134276504471, -0.020338992, 5.956932, 8.019546, -0.14791155, -0.104598045, 9.988281
358134286143429, 0.040677983, 5.992824, 7.9836526, -0.067111254, -0.08815575, 9.982086
358134295782387, 0.10767702, 6.02752, 7.8460655, 0.04753709, -0.021790028, 9.894474
358134305421346, 0.069391854, 6.0622163, 7.688139, 0.07359886, 0.103443146, 9.79013
358134315060304, 0.07178468, 6.047859, 7.704889, 0.06429601, 0.07844257, 9.794734
358134324699262, 0.051445685, 6.0729837, 7.795816, 0.02886033, 0.057255268, 9.882025
358134334338221, 0.019142581, 6.020342, 7.90469, -0.0512321, -0.02250433, 9.93609
358134343977075, 0.020338992, 6.0370917, 7.978867, -0.06464338, -0.048286915, 10.005133
358134353616033, 0.034695927, 6.005985, 7.960921, -0.05743289, -0.06695223, 9.972038
358134363254992, 0.061016977, 6.0107703, 7.8963146, -0.013356924, -0.04134655, 9.923861
358134372893950, 0.05742774, 6.0215383, 7.8376904, 0.003996849, -5.0497055E-4, 9.883905
358134382532908, 0.047856454, 6.0370917, 7.7671022, 0.02124095, 0.051958084, 9.837353
358134392171867, 0.05623133, 6.0658054, 7.7443705, 0.044268608, 0.07842398, 9.836887
358134401810825, 0.07058827, 6.0693946, 7.7706914, 0.051807404, 0.05963278, 9.860018
358134411449783, 0.07178468, 6.053841, 7.818548, 0.03289652, 0.021313667, 9.888494
358134421088742, 0.05503492, 5.9964137, 7.874779, -0.018725634, -0.043198586, 9.897975
358134430727596, 0.022731815, 5.9724855, 7.938189, -0.074095726, -0.07936907, 9.933487
358134440366554, -0.013160525, 5.95095, 7.893922, -0.100643635, -0.05417347, 9.885086
358134450005512, 0.02632105, 6.0023956, 7.826923, -0.026910305, -0.0022945404, 9.863541
358134459644471, 0.047856454, 6.038288, 7.725228, 0.03442073, 0.064908504, 9.804947
358134469283429, 0.04426722, 6.0981083, 7.6426754, 0.07783961, 0.15256023, 9.775993
358134478922387, 0.021535404, 6.070591, 7.68455, 0.032803774, 0.118472576, 9.792331
358134488561346, 0.016749758, 6.07418, 7.816155, -0.0085814, 0.053777218, 9.89875
358134498200304, 0.043070808, 6.038288, 7.9034934, -0.024970293, -0.030045986, 9.946179
358134507839158, 0.069391854, 6.047859, 7.9561353, -0.012254715, -0.060163975, 9.993885
358134517478117, 0.04426722, 6.0550375, 7.941778, -0.02705884, -0.03565359, 9.986754
358134527117075, 0.013160525, 6.0526447, 7.8927255, -0.04025197, 0.0047769547, 9.946264
358134536756033, -0.015553347, 6.0861444, 7.877172, -0.046657562, 0.04874468, 9.95423
358134546394992, 0.0023928226, 6.0825553, 7.8628154, -0.028050423, 0.045344353, 9.94075
358134556033950, 0.069391854, 6.0526447, 7.8556366, 0.021893501, -0.004905224, 9.9171505
358134565672908, 0.08733802, 6.0311093, 7.884351, 0.01958847, -0.04479885, 9.926857
358134575311762, 0.08015956, 6.026324, 7.856833, 0.019554853, -0.029901028, 9.902098
358134584950721, 0.0741775, 6.270392, 7.856833, 0.1003468, 0.14576435, 10.050962
358134594589679, -0.02871387, 5.4341, 7.685746, -0.24882686, -0.30226922, 9.404662
358134604228637, 0.09332009, 6.6329045, 7.9597244, 0.22070718, 0.33674765, 10.353706
358134613867596, -0.06699903, 5.4520464, 7.641479, -0.26689863, -0.2424264, 9.380377
358134623506554, 0.11365908, 6.4462643, 8.065009, 0.13894343, 0.13902473, 10.323421
358134633145512, 0.05623133, 5.8827543, 7.8317084, -0.061043978, -0.10121441, 9.794471
358134642784471, 0.13399807, 5.977271, 8.025527, -0.016248941, -0.17576218, 10.00618
358134652423325, 0.16271193, 6.3625154, 7.91785, 0.1915884, 0.13262129, 10.156089
358134662062283, 0.14476576, 5.534599, 7.813762, -0.122010946, -0.37210822, 9.5684
358134671701242, 0.20578274, 6.765706, 7.8927255, 0.39140797, 0.39249563, 10.382919
358134681340200, -0.01794617, 5.308477, 7.5326056, -0.2698276, -0.29841852, 9.20644
358134690979158, 0.13878371, 6.7872415, 7.8424764, 0.34601617, 0.46519613, 10.35636
358134700618117, -0.06580263, 5.432904, 7.4440713, -0.23649287, -0.14689136, 9.211809
358134710257075, 0.11246266, 6.465407, 7.972885, 0.15431309, 0.19531965, 10.262509
358134719896033, 0.07178468, 5.8133626, 7.7671022, -0.07163525, -0.12686253, 9.700876
358134729534887, 0.15672988, 5.973682, 8.005188, -0.009192467, -0.17847204, 9.98802
358134739173846, 0.12921242, 6.337391, 7.879565, 0.14378428, 0.15381813, 10.110511
358134748812804, 0.0634098, 5.5202417, 7.739585, -0.18221283, -0.30968738, 9.499957
358134758451762, 0.17228323, 6.707082, 7.8963146, 0.3080225, 0.38458014, 10.350056
358134768090721, -0.040677983, 5.326423, 7.5816584, -0.3014145, -0.31352234, 9.25553
358134777729679, 0.10887343, 6.8398833, 7.9597244, 0.27990937, 0.47133923, 10.481058
358134787368637, -0.06699903, 5.4221363, 7.615158, -0.2967329, -0.24368978, 9.340625
358134797007492, 0.11246266, 6.518049, 8.106883, 0.12465763, 0.17298222, 10.40066
358134806646450, 0.022731815, 5.7966127, 7.8017983, -0.14093757, -0.12197447, 9.717745
358134816285408, 0.09810573, 6.0287166, 7.975278, -0.036353588, -0.092432976, 9.997512
358134825924367, 0.07537391, 6.302695, 7.8029947, 0.10423064, 0.20076323, 10.028222
358134835563325, 0.033499517, 5.5405807, 7.771888, -0.22003627, -0.2867205, 9.537861
358134845202283, 0.1363909, 6.6855464, 7.954939, 0.2537818, 0.3528819, 10.383027
358134854841242, -0.016749758, 5.2534423, 7.702496, -0.35369134, -0.42218375, 9.307205
358134864480200, 0.18065812, 6.7669024, 8.0817585, 0.28168225, 0.31991053, 10.533602
358134874119054, 0.014356935, 5.339584, 7.6833534, -0.29006243, -0.3736894, 9.344598
358134883758012, 0.21535404, 6.5539412, 8.085348, 0.22598863, 0.15850544, 10.406593
358134893396971, 0.0634098, 5.7379885, 7.6666036, -0.09284258, -0.11024189, 9.575207
358134903035929, 0.11006984, 6.081359, 7.830512, 0.031668663, 0.016824722, 9.9151745
358134912674887, 0.058624156, 6.2691956, 7.6594253, 0.11143136, 0.2609501, 9.894064
358134922313846, 0.02871387, 5.5716877, 7.704889, -0.19911265, -0.22977233, 9.503547
358134931952804, 0.12323037, 6.626922, 7.920243, 0.22547436, 0.33225107, 10.319899
358134941591762, 0.011964113, 5.2510495, 7.746763, -0.34987545, -0.4646554, 9.340647
358134951230617, 0.28594232, 6.7932234, 8.092526, 0.37535143, 0.27358866, 10.559493
358134960869575, 0.09332009, 5.3359947, 7.685746, -0.23182178, -0.40779996, 9.345168
358134970508533, 0.3074777, 6.6125655, 8.073383, 0.32285428, 0.15740728, 10.434131
358134980147492, 0.12203395, 5.7260246, 7.643872, -0.053582907, -0.13355184, 9.550409
358134989786450, 0.1591227, 6.1698933, 7.879565, 0.07967162, 0.029554844, 10.008657
358134999425408, 0.07058827, 6.263213, 7.6833534, 0.102716684, 0.24069881, 9.909503
358135009064367, 0.014356935, 5.6350975, 7.7204423, -0.20430183, -0.19049048, 9.554148
358135018703221, 0.106480606, 6.6484575, 7.911868, 0.20999742, 0.3683381, 10.326241
358135028342179, -0.0059820567, 5.2809596, 7.7407813, -0.35924804, -0.43391514, 9.35366
358135037981137, 0.25124636, 6.826723, 8.035098, 0.36698675, 0.35726118, 10.534122
358135047620096, 0.076570325, 5.325227, 7.594819, -0.22399378, -0.36397433, 9.266204
358135057259054, 0.22253251, 6.658029, 8.039884, 0.26745796, 0.24722624, 10.434844
358135066898012, 0.04546363, 5.7140603, 7.6366935, -0.12142444, -0.09970236, 9.5366125
358135076536971, 0.13280165, 6.198607, 7.9011, 0.05333829, 0.054506302, 10.043004
358135086175929, 0.08853444, 6.1806607, 7.812566, 0.031826973, 0.112624645, 9.96147
358135095814783, 0.07298109, 5.703293, 7.880761, -0.18388724, -0.24667764, 9.723404
358135105453742, 0.14476576, 6.6352973, 7.877172, 0.22958112, 0.37546968, 10.290981
358135115092700, 0.040677983, 5.3180485, 7.6594253, -0.28933883, -0.38506818, 9.312254
358135124731658, 0.22971097, 6.8111696, 7.9477606, 0.3537495, 0.41872263, 10.455202
358135134370617, 0.0071784677, 5.2809596, 7.568498, -0.31164455, -0.33959413, 9.217283
358135144009575, 0.19860429, 6.666404, 8.039884, 0.24438, 0.28580713, 10.439287
358135153648533, 0.010767702, 5.605187, 7.7312098, -0.2249577, -0.20007205, 9.544591
358135163287387, 0.16510476, 6.2512493, 8.084151, 0.04365778, -0.008975506, 10.220416
358135172926346, 0.10887343, 6.1028943, 7.800602, 0.024601698, 0.06598568, 9.904625
358135182565304, 0.11365908, 5.7080784, 7.77787, -0.11770773, -0.19689107, 9.645606
358135192204262, 0.17587246, 6.586244, 7.795816, 0.26535273, 0.37086344, 10.196878
358135201843221, 0.06580263, 5.3312087, 7.615158, -0.24616146, -0.35216808, 9.286127
358135211482179, 0.23449662, 6.8219376, 7.9334035, 0.3542688, 0.44857216, 10.450166
358135221121137, 0.0047856453, 5.2845488, 7.600801, -0.31042027, -0.34769392, 9.245614
358135230760096, 0.1698904, 6.7226353, 8.066205, 0.223593, 0.34093618, 10.4938135
358135240398950, -0.013160525, 5.5740805, 7.7240314, -0.25415802, -0.20129395, 9.519774
358135250037908, 0.13399807, 6.34098, 8.118847, 0.037500143, 0.06478548, 10.302236
358135259676867, 0.07298109, 6.088537, 7.818548, -0.020271301, 0.076164246, 9.909545
358135269315825, 0.12203395, 5.7320065, 7.9022965, -0.13682437, -0.23989487, 9.75914
358135278954783, 0.2105684, 6.541977, 7.8556366, 0.25518274, 0.31581736, 10.217043
358135288593742, 0.078963146, 5.334798, 7.648658, -0.25571132, -0.35849118, 9.315275
358135298232700, 0.19381863, 6.765706, 7.880761, 0.32045078, 0.45567894, 10.373447
358135307871658, -0.033499517, 5.2008, 7.5457664, -0.363276, -0.34135938, 9.150931
358135317510617, 0.18903299, 6.658029, 8.051848, 0.21866465, 0.29961586, 10.443169
358135327149471, 0.06580263, 5.4843497, 7.725228, -0.22872066, -0.27477384, 9.467512
358135336788429, 0.2536392, 6.3314085, 8.096115, 0.1378212, 0.028505325, 10.279999
358135346427387, 0.21415763, 6.0215383, 7.737192, 0.09947348, 0.026582718, 9.806037
358135356066346, 0.2835495, 5.844469, 7.7874413, 0.07380986, -0.15580845, 9.739237
358135365705304, 0.26679972, 6.5144596, 7.664211, 0.35752797, 0.3765173, 10.048876
358135375344262, 0.09810573, 5.42094, 7.495517, -0.1632235, -0.20346713, 9.247213
358135384983221, 0.2428715, 6.8099732, 7.7072816, 0.43558574, 0.5665755, 10.262855
358135394622179, 0.049052864, 5.2570314, 7.399804, -0.24134159, -0.2385087, 9.070875
358135404261033, 0.2440679, 6.708278, 7.8903327, 0.3353591, 0.40788555, 10.34597
358135413899992, 0.10767702, 5.4341, 7.6019974, -0.18349457, -0.2412746, 9.340211
358135423538950, 0.27517462, 6.3565335, 8.087741, 0.17087865, 0.07411146, 10.288736
358135433177908, 0.17347965, 5.864808, 7.85444, -0.037507296, -0.09314847, 9.80348
358135442816867, 0.1902294, 5.751149, 8.073383, -0.1358223, -0.2881472, 9.909084
358135452455825, 0.15314065, 6.3218374, 8.073383, 0.06444216, 0.14574385, 10.253937
358135462094783, 0.014356935, 5.328816, 8.0614195, -0.43648958, -0.4662223, 9.64236
358135471733742, 0.13758731, 6.7262244, 8.315059, 0.13222289, 0.3145342, 10.690409
358135481372700, -0.061016977, 5.209175, 8.000402, -0.51741016, -0.47172928, 9.521315
358135491011554, 0.15074782, 6.7501526, 8.420342, 0.12609291, 0.28636932, 10.788492
358135500650512, -0.029910283, 5.4257255, 8.02792, -0.40989113, -0.33780146, 9.674956
358135510289471, 0.15433706, 6.4055862, 8.37129, 0.010820866, 0.08236885, 10.541677
358135519928429, 0.0849452, 5.8564334, 7.9310107, -0.117349386, -0.038428307, 9.858536
358135529567387, 0.18903299, 5.8887367, 7.960921, -0.02823472, -0.081870556, 9.903622
358135539206346, 0.22731815, 6.3744793, 7.7312098, 0.25274706, 0.36140203, 10.01313
358135548845304, 0.13160525, 5.4017973, 7.615158, -0.16286516, -0.23079324, 9.333145
358135558484262, 0.25124636, 6.719046, 7.8053875, 0.37262154, 0.54419184, 10.280942
358135568123221, 0.10049855, 5.1625147, 7.5457664, -0.26451552, -0.35087562, 9.132752
358135577762179, 0.2656033, 6.721439, 7.982456, 0.3261249, 0.44374704, 10.4242325
358135587401033, 0.038285162, 5.2689953, 7.648658, -0.31386042, -0.28317833, 9.278311
358135597039992, 0.27996024, 6.3696938, 8.110473, 0.16945052, 0.12628412, 10.314383
358135606678950, 0.2105684, 5.6745787, 7.728817, -0.030441284, -0.12438536, 9.589756
358135616317908, 0.24885355, 5.773881, 8.014759, -0.049618244, -0.21891189, 9.878543
358135625956867, 0.27038896, 6.145965, 7.9346, 0.13717818, 0.0788393, 10.038868
358135635595825, 0.2009971, 5.2869415, 7.952546, -0.260252, -0.49848485, 9.535142
358135645234783, 0.33379877, 6.5539412, 8.154739, 0.27867937, 0.22126865, 10.461297
358135654873742, 0.1794617, 5.052445, 7.832905, -0.32661986, -0.58250546, 9.298808
358135664512700, 0.37567315, 6.6556363, 8.147561, 0.3609593, 0.29289484, 10.516906
358135674151658, 0.18065812, 5.2307105, 7.7276206, -0.21720171, -0.4112594, 9.321629
358135683790617, 0.37328035, 6.431907, 8.177471, 0.26631808, 0.11643505, 10.406504
358135693429471, 0.2656033, 5.710471, 7.813762, 0.01015377, -0.15098691, 9.680495
358135703068429, 0.31345975, 5.973682, 8.088937, 0.0656898, -0.13452482, 10.059405
358135712707387, 0.30029923, 6.263213, 7.8891363, 0.22235298, 0.18216658, 10.073424
358135722346346, 0.23090738, 5.4580283, 7.850851, -0.13290071, -0.3388369, 9.55755
358135731985304, 0.30149564, 6.634101, 7.969296, 0.334414, 0.39712667, 10.360615
358135741624262, 0.11964113, 5.1553364, 7.7120676, -0.2932725, -0.42558956, 9.262865
358135751263221, 0.21894327, 6.7166533, 8.051848, 0.277395, 0.45210505, 10.474362
358135760902179, 0.021535404, 5.255835, 7.6271224, -0.3178724, -0.2702756, 9.253279
358135770541137, 0.17706887, 6.512067, 8.078169, 0.15548444, 0.3132348, 10.371737
358135780180096, 0.039481573, 5.6853466, 7.7611203, -0.17523241, -0.050608158, 9.619066
358135789819054, 0.15792629, 6.046663, 8.084151, -0.034585953, -0.01622057, 10.096489
358135799458012, 0.16869399, 6.181857, 7.9190464, 0.07540178, 0.16389799, 10.046022
358135809096971, 0.15553348, 5.447261, 7.975278, -0.2227161, -0.38275075, 9.649136
358135818735929, 0.27876383, 6.586244, 8.127222, 0.2631743, 0.28519773, 10.457413
358135828374783, 0.061016977, 5.1732826, 7.8400836, -0.36946523, -0.4599235, 9.374723
358135838013742, 0.21774685, 6.7465634, 8.142776, 0.27233148, 0.425241, 10.564722
358135847652700, 0.041874398, 5.241478, 7.704889, -0.31298518, -0.32695293, 9.307809
358135857291658, 0.23449662, 6.5611196, 8.055437, 0.23831892, 0.32418728, 10.384192
358135866930617, 0.08973085, 5.639883, 7.676175, -0.11354613, -0.054532766, 9.524921
358135876569575, 0.22971097, 6.0729837, 7.9597244, 0.081561565, 0.03147936, 10.014165
358135886208533, 0.19262223, 6.1627145, 7.7611203, 0.14126515, 0.21850014, 9.908755
358135895847492, 0.10289137, 5.5860443, 7.832905, -0.17416024, -0.1834867, 9.617945
358135905486450, 0.15194423, 6.5958157, 7.932207, 0.223598, 0.45219278, 10.305013
358135915125408, 0.011964113, 5.215157, 7.716853, -0.35591066, -0.3417437, 9.300773
358135924764367, 0.14955142, 6.7537417, 8.045866, 0.23817277, 0.5010295, 10.491119
358135934403325, -0.01794617, 5.188836, 7.7120676, -0.3887713, -0.34060025, 9.280798
358135944042283, 0.23090738, 6.5252275, 8.220542, 0.18197536, 0.22028112, 10.49417
358135953681242, 0.13519448, 5.473582, 7.8891363, -0.19750357, -0.303854, 9.596121
358135963320200, 0.2727818, 6.0622163, 8.269595, 0.029043198, -0.14982891, 10.25611
358135972959158, 0.20219351, 6.0598235, 7.9680996, 0.059377193, 0.038924694, 10.012388
358135982598117, 0.148355, 5.575277, 7.9274216, -0.15614629, -0.25641394, 9.688117
358135992237075, 0.1902294, 6.5575304, 7.91785, 0.24612474, 0.42171574, 10.270897
358136001876033, 0.050249275, 5.2869415, 7.7036924, -0.28724933, -0.30595493, 9.33408
358136011514992, 0.22612174, 6.79442, 8.023134, 0.3331697, 0.5102792, 10.498312
358136021153846, 0.06819545, 5.1960144, 7.7108707, -0.31170988, -0.37012267, 9.285827
358136030792804, 0.2620141, 6.5850477, 8.109276, 0.2638421, 0.29398727, 10.44202
358136040431762, 0.10767702, 5.4999027, 7.704889, -0.16476059, -0.17768002, 9.463991
358136050070721, 0.24526432, 6.1435723, 8.017152, 0.10677695, 0.044359207, 10.102722
358136059709679, 0.16749759, 6.000003, 7.7180495, 0.078654766, 0.1374526, 9.776058
358136069348637, 0.1591227, 5.623133, 7.8089767, -0.10268164, -0.17016315, 9.622139
358136078987596, 0.2428715, 6.518049, 7.879565, 0.30270433, 0.37874413, 10.217455
358136088626554, 0.06819545, 5.252246, 7.836494, -0.34102368, -0.392318, 9.419722
358136098265512, 0.18664017, 6.7202425, 8.1738825, 0.24119592, 0.40392828, 10.572963
358136107904471, -0.0047856453, 5.160122, 7.8077803, -0.41387868, -0.4082284, 9.340792
358136117543429, 0.2428715, 6.6305118, 8.191829, 0.24966788, 0.30829716, 10.534294
358136127182387, 0.10049855, 5.4783673, 7.759924, -0.18144155, -0.21036339, 9.495359
358136136821346, 0.28713873, 6.235696, 8.054241, 0.17722726, 0.07285118, 10.1882515
358136146460304, 0.1902294, 6.0323057, 7.834101, 0.0860281, 0.09515858, 9.888457
358136156099262, 0.16869399, 5.7523456, 7.9106717, -0.06354308, -0.13383842, 9.781346
358136165738221, 0.19980069, 6.485746, 7.940582, 0.2295506, 0.3588295, 10.2457905
358136175377179, 0.061016977, 5.278567, 7.895118, -0.32393825, -0.40966654, 9.48299
358136185016137, 0.18783657, 6.7118673, 8.193025, 0.2204833, 0.39055586, 10.583429
358136194655096, 0.0059820567, 5.156533, 7.8149586, -0.39381254, -0.4231937, 9.345014
358136204294054, 0.20697916, 6.634101, 8.1679, 0.23066711, 0.3461876, 10.516447
358136213933012, 0.025124637, 5.3910294, 7.780263, -0.27140725, -0.2521913, 9.45828
358136223571971, 0.22971097, 6.265606, 8.232507, 0.09588051, 0.041413784, 10.347649
358136233210929, 0.15553348, 5.8839507, 7.941778, -0.029216051, -0.04036188, 9.88506
358136242849887, 0.2321038, 5.6757755, 8.030313, -0.067575455, -0.26956582, 9.832445
358136252488846, 0.276371, 6.35773, 7.9513497, 0.2507422, 0.23677492, 10.1785145
358136262127908, 0.15194423, 5.2402816, 7.836494, -0.24445033, -0.43367934, 9.415225
358136271766867, 0.25962126, 6.6592255, 8.047063, 0.31063938, 0.4075818, 10.435769
358136281405825, 0.06699903, 5.12423, 7.6594253, -0.31511283, -0.38790798, 9.202133
358136291044783, 0.24885355, 6.666404, 8.037491, 0.31891918, 0.42368078, 10.431824
358136300683742, 0.096909314, 5.3682976, 7.648658, -0.18999457, -0.21675396, 9.340605
358136310322700, 0.2620141, 6.314659, 8.117651, 0.16469288, 0.134089, 10.285658
358136319961658, 0.16390835, 5.8241305, 7.8592257, -0.026589394, -0.033485413, 9.7832985
358136329600617, 0.22971097, 5.761917, 8.059027, -0.054626703, -0.21112609, 9.90721
358136339239575, 0.2548356, 6.3385873, 7.9764743, 0.20712495, 0.23358345, 10.186724
358136348878533, 0.11365908, 5.2666025, 7.9477606, -0.31058717, -0.44263268, 9.519692
358136358517492, 0.22253251, 6.626922, 8.152347, 0.22801495, 0.3602004, 10.499745
358136368156450, 0.05503492, 5.081159, 7.771888, -0.36986816, -0.45612693, 9.267072
358136377795408, 0.2739782, 6.6364937, 8.059027, 0.3115883, 0.40062857, 10.4311285
358136387434367, 0.1471586, 5.2845488, 7.6343007, -0.17277622, -0.28126264, 9.280178
358136397073325, 0.33020952, 6.337391, 8.017152, 0.2603283, 0.18143606, 10.219862
358136406712283, 0.2009971, 5.7810597, 7.7216387, 0.029192448, -5.1021576E-5, 9.648001
358136416351242, 0.24646074, 5.8468623, 7.975278, 0.016392231, -0.1089859, 9.891382
358136425990200, 0.20338993, 6.3314085, 7.944171, 0.16487622, 0.27753592, 10.155478
358136435629158, 0.09451649, 5.3910294, 7.9573317, -0.2691307, -0.36077166, 9.601493
358136445268117, 0.21655045, 6.6556363, 8.190632, 0.22682142, 0.3776884, 10.546883
358136454907179, 0.0035892338, 5.099105, 7.932207, -0.4476813, -0.50434756, 9.405638
358136464546137, 0.18903299, 6.6329045, 8.309076, 0.16806936, 0.3134761, 10.627577
358136474185096, 0.029910283, 5.237889, 7.865208, -0.3588102, -0.38030696, 9.43528
358136483824054, 0.20817557, 6.3601227, 8.222935, 0.107251406, 0.14788961, 10.396048
358136493463012, 0.12203395, 5.7284174, 7.769495, -0.06739354, -0.023349524, 9.653478
358136503101971, 0.2416751, 5.910272, 7.8987074, 0.06720805, -0.01910305, 9.867847
358136512740929, 0.22971097, 6.302695, 7.685746, 0.27381396, 0.36878228, 9.931588
358136522379887, 0.15433706, 5.456832, 7.690532, -0.12091756, -0.18983316, 9.428387
358136532018846, 0.25603202, 6.7022963, 7.9429746, 0.36435342, 0.50220156, 10.377485
358136541657804, 0.049052864, 5.2031927, 7.820941, -0.35342097, -0.38820267, 9.37908
358136551296762, 0.2440679, 6.7465634, 8.271988, 0.26432943, 0.37490845, 10.66729
358136560935825, 0.016749758, 5.2546387, 7.9704924, -0.40776753, -0.40463376, 9.529442
358136570574783, 0.23330021, 6.413961, 8.392825, 0.093976974, 0.090901375, 10.564836
358136580213742, 0.15074782, 5.6327047, 7.9740815, -0.14094758, -0.20289469, 9.760893
358136589852700, 0.24885355, 5.9007006, 8.159525, -0.00637722, -0.15384245, 10.071463
358136599491658, 0.22731815, 6.157929, 7.9070826, 0.1420281, 0.17158747, 10.022182
358136609130617, 0.16390835, 5.3156557, 7.897511, -0.21407866, -0.39753652, 9.510515
358136618769575, 0.2883351, 6.5611196, 8.006385, 0.30436778, 0.38062382, 10.343893
358136628408533, 0.1268196, 5.0847483, 7.82453, -0.31835294, -0.50924516, 9.313074
358136638047596, 0.30867413, 6.640083, 8.193025, 0.30065727, 0.32478523, 10.541147
358136647686554, 0.12203395, 5.198407, 7.773084, -0.27544856, -0.39196277, 9.339681
358136657325512, 0.25962126, 6.509674, 8.140383, 0.22783566, 0.2808814, 10.42009
358136666964471, 0.08973085, 5.6757755, 7.725228, -0.10904336, -0.01773715, 9.5858965
358136676603429, 0.18305093, 6.0526447, 8.000402, 0.03468156, 0.059494972, 10.033429
358136686242387, 0.18185452, 6.2009997, 7.8664045, 0.13247061, 0.23031902, 10.014749
358136695881346, 0.13998012, 5.491528, 7.9860454, -0.2189269, -0.30599403, 9.685651
358136705520408, 0.27756742, 6.580262, 8.157132, 0.26586843, 0.30648994, 10.476215
358136715159367, 0.15792629, 5.096712, 7.945368, -0.33915496, -0.58159876, 9.416846
358136724798325, 0.35413775, 6.678368, 8.268398, 0.33144832, 0.2749238, 10.62577
358136734437283, 0.124426775, 5.180461, 7.771888, -0.28138852, -0.40779877, 9.327885
358136744076242, 0.28235307, 6.526424, 8.067402, 0.26981854, 0.3076663, 10.372533
358136753715200, 0.083748795, 5.588437, 7.647461, -0.12727833, -0.03748107, 9.471205
358136763354262, 0.16151553, 6.0658054, 7.952546, 0.02416873, 0.0979805, 10.002644
358136772993221, 0.12203395, 6.094519, 7.8173513, 0.03719759, 0.20787, 9.910824
358136782632179, 0.13878371, 5.4927244, 7.9357963, -0.2091546, -0.29044747, 9.645623
358136792271137, 0.27996024, 6.5407805, 8.056634, 0.27199244, 0.327003, 10.372495
358136801910096, 0.1902294, 5.215157, 7.8580294, -0.24257398, -0.46680522, 9.418383
358136811549054, 0.38883367, 6.7441707, 8.117651, 0.41672444, 0.39459467, 10.545233
358136821188117, 0.1794617, 5.2223353, 7.690532, -0.2051413, -0.37763357, 9.287873
358136830827075, 0.35294133, 6.576673, 8.075776, 0.33269668, 0.30187702, 10.411222
358136840466033, 0.12323037, 5.5453663, 7.7300134, -0.14543939, -0.14404535, 9.511965
358136850104992, 0.1591227, 6.1040907, 8.062616, -0.005020857, 0.06734514, 10.113678
358136859743950, 0.086141616, 6.023931, 7.8520474, -0.034385443, 0.15498114, 9.895686
358136869383012, 0.08973085, 5.5657053, 7.925029, -0.2269504, -0.20898557, 9.679672
358136879021971, 0.1794617, 6.5551376, 7.9968133, 0.2044909, 0.40593243, 10.331722
358136888660929, 0.047856454, 5.2606206, 7.8580294, -0.35278368, -0.37013435, 9.442647
358136898299887, 0.24047868, 6.762117, 8.146365, 0.30404115, 0.44378948, 10.576291
358136907938846, 0.02632105, 5.186443, 7.7706914, -0.3718431, -0.3772285, 9.327538
358136917577908, 0.2105684, 6.5922265, 8.215756, 0.18439794, 0.30817175, 10.529553
358136927216867, 0.05503492, 5.4664035, 7.8317084, -0.2596171, -0.21245146, 9.545036
358136936855825, 0.23090738, 6.1591253, 8.149954, 0.060956955, 0.023001194, 10.217908
358136946494783, 0.18903299, 5.9545393, 7.8221374, 0.046312332, 0.06794691, 9.832157
358136956133742, 0.20578274, 5.639883, 7.8723865, -0.07564092, -0.18965936, 9.684183
358136965772804, 0.2416751, 6.492924, 7.9011, 0.26848054, 0.38084364, 10.21894
358136975411762, 0.07537391, 5.2642097, 7.8053875, -0.30847836, -0.35970092, 9.403037
358136985050721, 0.23928227, 6.762117, 8.126026, 0.29141164, 0.4614749, 10.560205
358136994689679, 0.0526421, 5.1960144, 7.7706914, -0.34494233, -0.37728977, 9.334005
358137004328742, 0.28115666, 6.641279, 8.132008, 0.28578568, 0.34998083, 10.4933815
358137013967700, 0.11724831, 5.4460645, 7.7240314, -0.18616223, -0.2123537, 9.447449
358137023606658, 0.27158538, 6.2237315, 8.073383, 0.1390202, 0.08569527, 10.196149
358137033245617, 0.18903299, 5.9270215, 7.7946196, 0.035924673, 0.060050488, 9.793697
358137042884679, 0.19142582, 5.68415, 7.9537425, -0.09599066, -0.1973033, 9.775483
358137052523637, 0.19980069, 6.431907, 8.002795, 0.17051315, 0.3053422, 10.263128
358137062162596, 0.10887343, 5.267799, 7.9704924, -0.33763194, -0.45575142, 9.537745
358137071801658, 0.2835495, 6.6771717, 8.219346, 0.26872468, 0.32816648, 10.585025
358137081440617, 0.12562318, 5.0979085, 7.812566, -0.3304503, -0.4977007, 9.3104105
358137091079575, 0.38404804, 6.6221366, 8.114061, 0.36782455, 0.29693413, 10.469705
358137100718533, 0.20817557, 5.380262, 7.6546397, -0.10875487, -0.2626357, 9.354319
358137110357596, 0.30867413, 6.2584276, 8.01117, 0.19393349, 0.13094616, 10.167954
358137119996554, 0.18783657, 5.869594, 7.6917286, 0.043643713, 0.07912016, 9.676877
358137129635512, 0.19860429, 5.7451673, 7.9298143, -0.066975355, -0.13944387, 9.793081
358137139274575, 0.21655045, 6.4175506, 7.9501534, 0.18604517, 0.32227755, 10.212656
358137148913533, 0.11844472, 5.332405, 7.9776707, -0.29983044, -0.4168887, 9.582699
358137158552492, 0.29072794, 6.751349, 8.288737, 0.2826612, 0.35616732, 10.684646
358137168191450, 0.08853444, 5.1996036, 7.905886, -0.35207903, -0.46416306, 9.444965
358137177830512, 0.28235307, 6.721439, 8.1942215, 0.28044868, 0.38587093, 10.59128
358137187469471, 0.086141616, 5.393422, 7.6630144, -0.21404004, -0.1996746, 9.366565
358137197108429, 0.2548356, 6.3696938, 8.023134, 0.18030596, 0.23319101, 10.243132
358137206747492, 0.12323037, 5.8540406, 7.716853, -0.028646946, 0.08768749, 9.686397
358137216386450, 0.19381863, 5.7834525, 7.9800634, -0.072850466, -0.13430786, 9.856163
358137226025408, 0.23330021, 6.2715883, 7.978867, 0.14234543, 0.20001745, 10.148365
358137235664471, 0.12323037, 5.2402816, 8.002795, -0.33517885, -0.49816823, 9.547772
358137245303429, 0.23330021, 6.5838513, 8.187042, 0.194211, 0.32200336, 10.5018
358137254942387, 0.059820566, 5.09073, 7.7946196, -0.39472318, -0.4512005, 9.29063
358137264581450, 0.25722843, 6.6795645, 8.047063, 0.314533, 0.4363103, 10.447424
358137274220408, 0.08255238, 5.3479586, 7.594819, -0.22167945, -0.18494368, 9.284688
358137283859367, 0.25124636, 6.428318, 8.070991, 0.19137979, 0.25519705, 10.316276
358137293498429, 0.16510476, 5.8013983, 7.8699937, -0.056952, -0.044303894, 9.778296
358137303137387, 0.24885355, 5.8600225, 8.184649, -0.05742097, -0.206182, 10.067
358137312776346, 0.29192436, 6.306284, 8.076973, 0.17788172, 0.14641571, 10.248847
358137322415408, 0.20697916, 5.349155, 8.006385, -0.2268312, -0.45470786, 9.617707
358137332054367, 0.3385844, 6.6388865, 8.079366, 0.33644128, 0.35977936, 10.450979
358137341693325, 0.15074782, 5.144569, 7.678568, -0.2542796, -0.40337658, 9.231596
358137351332387, 0.27996024, 6.7202425, 8.005188, 0.34384465, 0.47209787, 10.439444
358137360971346, 0.050249275, 5.2534423, 7.6163545, -0.29235697, -0.24276423, 9.244762
358137370610304, 0.25124636, 6.407979, 8.135597, 0.1621449, 0.2022109, 10.35597
358137380249367, 0.15553348, 5.729614, 7.928618, -0.11557984, -0.12280488, 9.781983
358137389888325, 0.29192436, 5.916254, 8.19781, -0.014471531, -0.198596, 10.111959
358137399527387, 0.25962126, 6.2512493, 8.019546, 0.1442895, 0.14427853, 10.1694145
358137409166346, 0.15672988, 5.4185467, 7.972885, -0.25065112, -0.36564898, 9.630971
358137418805304, 0.24526432, 6.641279, 8.062616, 0.2622168, 0.3990693, 10.437648
358137428444367, 0.086141616, 5.1816573, 7.8053875, -0.3445046, -0.41976404, 9.353405
358137438083325, 0.30029923, 6.7633133, 8.082955, 0.3426659, 0.445333, 10.52858
358137447722387, 0.09930214, 5.3156557, 7.688139, -0.25433683, -0.2818091, 9.33967
358137457361346, 0.33140594, 6.539584, 8.035098, 0.30107045, 0.2920065, 10.35678
358137467000304, 0.13519448, 5.6733823, 7.8257265, -0.1328597, -0.11841607, 9.66519
358137476639367, 0.19860429, 6.0227346, 8.009974, 0.0010085106, 0.0017728806, 10.023594
358137486278325, 0.12203395, 6.2285175, 7.756335, 0.087803125, 0.31515932, 9.942989
358137495917387, 0.05742774, 5.4843497, 7.8197446, -0.2658565, -0.21394658, 9.545331
358137505556346, 0.16271193, 6.62094, 7.952546, 0.21474981, 0.46293545, 10.33663
358137515195304, 0.022731815, 5.1625147, 7.7826557, -0.4114132, -0.40687418, 9.32132
358137524834367, 0.27996024, 6.7381887, 8.143971, 0.31004, 0.3948083, 10.561905
358137534473325, 0.11006984, 5.239085, 7.830512, -0.3161304, -0.4117217, 9.407846
358137544112387, 0.3684947, 6.6017976, 8.316256, 0.27991295, 0.17186499, 10.619404
358137553751346, 0.2548356, 5.784649, 8.09133, -0.058475733, -0.23320961, 9.946804
358137563390408, 0.317049, 6.0418773, 8.16431, 0.06627488, -0.120765686, 10.160797
358137573029367, 0.25962126, 5.95095, 8.079366, 0.008384466, -0.11345053, 10.037152
358137582668325, 0.2105684, 5.962914, 7.989635, -0.0064558983, -0.037561893, 9.971634
358137592307387, 0.19501504, 5.9234324, 7.90469, -0.009836912, -0.014042854, 9.879722
358137601946346, 0.1794617, 5.9342003, 7.8592257, -0.010766268, 0.020071507, 9.849561
358137611585408, 0.17826529, 5.938986, 7.789834, 0.008492231, 0.061073303, 9.796991
358137621224367, 0.21655045, 5.9557357, 7.752745, 0.057804108, 0.07402849, 9.778236
358137630863429, 0.23569304, 5.956932, 7.728817, 0.081017494, 0.07683802, 9.760263
358137640502387, 0.2632105, 5.9437714, 7.797013, 0.07671118, 0.019328594, 9.807389
358137650141450, 0.28235307, 5.928218, 7.8723865, 0.065579176, -0.039323807, 9.858606
358137659780408, 0.2536392, 5.9246287, 7.9226356, 0.023216486, -0.052970886, 9.895979
358137669419471, 0.22971097, 5.9437714, 7.972885, -0.0064275265, -0.055030823, 9.94711
358137679058429, 0.21415763, 5.956932, 8.01117, -0.026978016, -0.054528236, 9.985292
358137688697492, 0.20338993, 5.98086, 8.017152, -0.02975154, -0.034641743, 10.004233
358137698336450, 0.16630118, 5.9844494, 7.9908314, -0.05427718, -0.0012764931, 9.984575
358137707975408, 0.20338993, 5.986842, 7.9513497, -0.0090909, 0.00450325, 9.955276
358137717614471, 0.20578274, 5.9844494, 7.908279, 0.00402689, 0.022944927, 9.919492
358137727253533, 0.19740787, 5.9952173, 7.891529, 0.004994154, 0.043337822, 9.912414
358137736892492, 0.23090738, 6.003592, 7.9070826, 0.03304243, 0.02514267, 9.930592
358137746531554, 0.20458634, 5.9952173, 7.9334035, -9.315014E-4, 0.015943527, 9.94601
358137756170512, 0.20578274, 5.989235, 7.9298143, -0.0012104511, 0.011174202, 9.939574
358137765809575, 0.17108682, 5.9617176, 7.9106717, -0.035716534, 0.0161767, 9.906995
358137775448533, 0.12203395, 5.9641104, 7.9094753, -0.077818155, 0.04151249, 9.906439
358137785087492, 0.1160519, 5.9437714, 7.884351, -0.08198953, 0.042216778, 9.874025
358137794726554, 0.13758731, 5.9916277, 7.925029, -0.055639267, 0.04489088, 9.935769
358137804365617, 0.19262223, 5.9844494, 7.9764743, -0.025592327, -0.01403141, 9.973668
358137814004575, 0.23569304, 6.0119667, 7.987242, 0.019718409, -0.020587444, 9.999726
358137823643637, 0.25722843, 6.0227346, 7.9561353, 0.050726414, -0.0058317184, 9.9818325
358137833282596, 0.22372891, 6.0047884, 7.9094753, 0.027450562, 0.021940708, 9.933083
358137842921658, 0.19860429, 5.992824, 7.8592257, 0.0154287815, 0.052143574, 9.885235
358137852560617, 0.18903299, 5.973682, 7.8664045, -0.0031266212, 0.03934431, 9.879239
358137862199679, 0.14476576, 5.95095, 7.90469, -0.063262224, 0.02420044, 9.8951645
358137871838637, 0.18185452, 5.9294147, 7.9716887, -0.057915926, -0.043740273, 9.936476
358137881477700, 0.21535404, 5.930611, 8.029117, -0.043268204, -0.08678961, 9.983779
358137891116658, 0.2548356, 5.899504, 8.036295, -0.020231962, -0.12874603, 9.971666
358137900755721, 0.25722843, 5.912665, 7.995617, -0.0014703274, -0.09733009, 9.947169
358137910394783, 0.2105684, 5.9449677, 7.9501534, -0.019269228, -0.028054714, 9.929288
358137920033742, 0.19980069, 5.9916277, 7.897511, 0.001313448, 0.038397312, 9.915075
358137929672804, 0.2105684, 6.0023956, 7.885547, 0.016710997, 0.04581499, 9.912243
358137939311762, 0.22013968, 6.0251274, 7.91785, 0.022358418, 0.040519714, 9.951925
358137948950825, 0.18544376, 6.005985, 7.941778, -0.021906137, 0.028822422, 9.958754
358137958589783, 0.20219351, 5.983253, 7.946564, -0.016982079, 0.001791954, 9.94926
358137968228846, 0.21535404, 5.959325, 7.928618, -0.008545637, -0.012067318, 9.920819
358137977867908, 0.20697916, 5.9676995, 7.885547, -0.0018324852, 0.020196915, 9.891295
358137987506867, 0.24765715, 5.9676995, 7.873583, 0.03817463, 0.009000301, 9.882638
358137997145929, 0.25004998, 5.9724855, 7.9154572, 0.030038357, -0.011620045, 9.918999
358138006784887, 0.20578274, 5.979664, 7.9716887, -0.023444414, -0.017484188, 9.967232
358138016423950, 0.1902294, 6.0023956, 8.003992, -0.038987637, -0.011434555, 10.006356
358138026062908, 0.1794617, 6.000003, 8.029117, -0.05526018, -0.021520138, 10.024742
358138035701971, 0.19980069, 5.9916277, 8.063812, -0.04990101, -0.055365086, 10.047837
358138045341033, 0.24526432, 6.009574, 8.051848, 0.001345396, -0.059196472, 10.050068
358138054979992, 0.19740787, 5.977271, 8.017152, -0.042868376, -0.042298794, 10.001892
358138064619054, 0.15553348, 5.959325, 7.9633136, -0.07198453, -0.008710384, 9.947204
358138074258012, 0.12921242, 5.959325, 7.8831544, -0.07395339, 0.041965008, 9.8826685
358138083897075, 0.124426775, 6.000003, 7.8233337, -0.046382427, 0.10361767, 9.85937
358138093536137, 0.14117654, 6.023931, 7.812566, -0.02095604, 0.11823225, 9.865569
358138103175096, 0.15792629, 6.0454664, 7.8831544, -0.02315092, 0.08620167, 9.935227
358138112814158, 0.17108682, 6.026324, 7.9298143, -0.032444715, 0.041038513, 9.961179
358138122453221, 0.18903299, 6.0167527, 8.007581, -0.0429914, -0.015512943, 10.017799
358138132092179, 0.20937198, 5.9820566, 8.048259, -0.049143314, -0.07252598, 10.029737
358138141731242, 0.2321038, 5.9880385, 7.9980097, -0.01210618, -0.05161524, 9.99379
358138151370200, 0.2440679, 5.9700923, 7.9346, 0.009039164, -0.03685713, 9.932673
358138161009262, 0.24885355, 5.9952173, 7.8867435, 0.029948235, 0.0025172234, 9.909812
358138170648325, 0.2416751, 6.0155563, 7.8484583, 0.0410738, 0.040418625, 9.891426
358138180287283, 0.24047868, 6.009574, 7.8699937, 0.028542042, 0.024665833, 9.904958
358138189926346, 0.25842485, 5.9964137, 7.925029, 0.018097878, -0.021300793, 9.941282
358138199565408, 0.29910284, 5.99761, 7.962117, 0.044974327, -0.05782175, 9.9725
358138209204367, 0.31106696, 5.989235, 7.945368, 0.053708553, -0.059726715, 9.954401
358138218843429, 0.34456646, 5.9880385, 7.867601, 0.09864926, -0.034557343, 9.892602
358138228482492, 0.3361916, 6.007181, 7.773084, 0.12104845, 0.030273914, 9.82876
358138238121450, 0.32422748, 6.000003, 7.696514, 0.13080382, 0.07034588, 9.763166
358138247760512, 0.3469593, 5.985646, 7.725228, 0.1298194, 0.03285122, 9.778014
358138257399575, 0.33499518, 5.9653068, 7.82453, 0.082675934, -0.02758646, 9.84443
358138267038533, 0.33499518, 5.9437714, 7.891529, 0.051472664, -0.07733059, 9.884748
358138276677596, 0.31345975, 5.9497533, 7.941778, 0.01722908, -0.087165356, 9.927829
358138286316658, 0.30987054, 5.9174504, 7.9298143, 0.003535986, -0.09921932, 9.898705
358138295955617, 0.30388847, 5.95095, 7.893922, 0.020971775, -0.053513527, 9.89024
358138305594679, 0.2620141, 5.9497533, 7.8173513, 0.0065660477, 0.0042266846, 9.827467
358138315233742, 0.20817557, 5.979664, 7.8257265, -0.033116102, 0.044500828, 9.850821
358138324872700, 0.2536392, 5.973682, 7.993224, -0.043920755, -0.069919586, 9.981686
358138334511762, 0.29072794, 6.0119667, 7.952546, 0.014268398, -0.038226128, 9.973444
358138344150825, 0.27038896, 6.0047884, 7.9190464, 0.004095316, -0.01813984, 9.941909
358138353789783, 0.23808585, 6.0191455, 8.000402, -0.04427147, -0.035019398, 10.014493
358138363428846, 0.2548356, 6.02752, 7.9884386, -0.022300005, -0.03309107, 10.010469
358138373067908, 0.25962126, 6.0191455, 7.9477606, -0.007885218, -0.022640228, 9.973156
358138382706867, 0.25004998, 6.0047884, 7.847262, 0.009788275, 0.016917229, 9.884289
358138392345929, 0.23330021, 6.0526447, 7.773084, 0.03585291, 0.09735346, 9.853884
358138401984992, 0.22851457, 6.0574307, 7.838887, 0.012447357, 0.06530094, 9.909008
358138411623950, 0.22971097, 6.040681, 7.816155, 0.013857365, 0.060754776, 9.880838
358138421263012, 0.26919255, 6.058627, 7.8293157, 0.050918102, 0.045131683, 9.903181
358138430902075, 0.2955136, 6.0574307, 7.8604226, 0.06395316, 0.01384449, 9.927828
358138440541137, 0.28713873, 6.0634127, 7.8197446, 0.069671154, 0.03856945, 9.898964
358138450180096, 0.2416751, 6.084948, 7.773084, 0.05159259, 0.09700346, 9.873894
358138459819158, 0.2117648, 6.053841, 7.773084, 0.013957262, 0.08692694, 9.854285
358138469458221, 0.19980069, 6.0514483, 7.8197446, -0.010062695, 0.065386295, 9.889589
358138479097179, 0.22851457, 6.0107703, 7.9154572, -0.028318882, -0.027411938, 9.941553
358138488736242, 0.23569304, 5.9880385, 7.989635, -0.048823595, -0.08553839, 9.986828
358138498375304, 0.21535404, 5.989235, 8.001599, -0.070540905, -0.08109093, 9.996567
358138508014367, 0.19142582, 5.9964137, 7.9274216, -0.06436658, -0.02575016, 9.94147
358138517653325, 0.20817557, 5.9952173, 7.8233337, -0.01671958, 0.019598484, 9.858493
